contact info,Display name,documents serial,long bio,personality serial,short bio,Sorting name,title
,Josephie Aculiak,,,P10000,,"Aculiak, Josephie",Josephie Aculiak
,Jim Adams,,,P10001,,"Adams, Jim",Jim Adams
,Tye Adla,,,P10002,,"Adla, Tye",Tye Adla
,Ferdous Ahkter,,,P10003,,"Ahkter, Ferdous",Ferdous Ahkter
,Josef Albers,,,P10004,,"Albers, Josef",Josef Albers
,Josef Keller Albers,,,P10005,,"Albers, Josef Keller",Josef Keller Albers
,Simon Qissualu Aliqu,,,P10006,,"Aliqu, Simon Qissualu",Simon Qissualu Aliqu
,Jocelyne Alloucherie,,,P10007,,"Alloucherie, Jocelyne",Jocelyne Alloucherie
,Joseph Amar,,,P10008,,"Amar, Joseph",Joseph Amar
,Michael Amar,,,P10009,,"Amar, Michael",Michael Amar
,Davidialuk Alasua Amittu,,,P10010,,"Amittu, Davidialuk Alasua",Davidialuk Alasua Amittu
,Makusi Pangutu Anauta,,,P10011,,"Anauta, Makusi Pangutu",Makusi Pangutu Anauta
,Gordon Anderson,,,P10012,,"Anderson, Gordon",Gordon Anderson
,Stephen Andrews,,,P10013,,"Andrews, Stephen",Stephen Andrews
,Sara Angelucci,,,P10014,,"Angelucci, Sara",Sara Angelucci
,Abraham Anghik,,,P10015,,"Anghik, Abraham",Abraham Anghik
,Margaret Uyauperq Aniksak,,,P10016,,"Aniksak, Margaret Uyauperq",Margaret Uyauperq Aniksak
,Karel Appel,,,P10017,,"Appel, Karel",Karel Appel
,Kenojuak Ashevek,,,P10018,,"Ashevek, Kenojuak",Kenojuak Ashevek
,Koomwartok Ashoona (attributed to),,,P10019,,"Ashoona (attributed to), Koomwartok",Koomwartok Ashoona (attributed to)
,Kaka Ashoona,,,P10020,,"Ashoona, Kaka",Kaka Ashoona
,Koomwartok Ashoona,,,P10021,,"Ashoona, Koomwartok",Koomwartok Ashoona
,Pitseolak Ashoona,,,P10022,,"Ashoona, Pitseolak",Pitseolak Ashoona
,Sorosiluto Ashoona,,,P10023,,"Ashoona, Sorosiluto",Sorosiluto Ashoona
,Tumira Ashoona,,,P10024,,"Ashoona, Tumira",Tumira Ashoona
,Attochie (attributed to),,,P10025,,Attochie (attributed to),Attochie (attributed to)
,Paulusi Passau Aupalu,,,P10026,,"Aupalu, Paulusi Passau",Paulusi Passau Aupalu
,Aupik (attributed to),,,P10027,,Aupik (attributed to),Aupik (attributed to)
,Milton Avery,,,P10028,,"Avery, Milton",Milton Avery
,Eleni H. Bakopoulos,,,P10029,,"Bakopoulos, Eleni H.",Eleni H. Bakopoulos
,John Balijkas,,,P10030,,"Balijkas, John",John Balijkas
,M. Jill Ballard,,,P10031,,"Ballard, M. Jill",M. Jill Ballard
,Robin Bandemer,,,P10032,,"Bandemer, Robin",Robin Bandemer
,Marcel Barbeau,,,P10033,,"Barbeau, Marcel",Marcel Barbeau
,Bill Barnie,,,P10034,,"Barnie, Bill",Bill Barnie
,Anne Meredith Barry,,,P10035,,"Barry, Anne Meredith",Anne Meredith Barry
,Ed Bartram,,,P10036,,"Bartram, Ed",Ed Bartram
,Leonard Baskin,,,P10037,,"Baskin, Leonard",Leonard Baskin
,Henry Bataille,,,P10038,,"Bataille, Henry",Henry Bataille
,Willi Baumeister,,,P10039,,"Baumeister, Willi",Willi Baumeister
,Aba Bayefsky,,,P10041,,"Bayefsky, Aba",Aba Bayefsky
Estate of Carl Beam Manitoulin Island,Carl Beam,,"Carl Beam (May 24, 1943 � July 30, 2005) was born Carl Edward Migwans at the Ojibways of West Bay Reserve (now renamed the M�Chigeeng First Nation) on Manitoulin Island, Ontario. Beam attended the Garnier Residential School from age 10 to 18. After working at several trades-based jobs, including in the construction of parts of the Toronto Subway system, Beam moved in the early 1970s to attend the Kootenay School of Art, completing his BFA at the University of Victoria in 1974. He started a graduate degree at the University of Alberta in 1975, but returned to Ontario after only a year due to a dispute over his thesis on Indigenous art.In 1980, he moved to New Mexico for three years with his second wife, Ann Beam. His time in New Mexico reinvigorating his ceramic practice. He relocated to Peterborough, Ontario, in 1984, where he lived until moving back to Manitoulin Island in 1992. When he returned to Ontario, he concentrated on paintings, prints, and assemblages. A major development in his work was the incorporation of photo-transfers and multi-layered compositions. In 1986, he became the first Indigenous artist to be collected by the National Gallery of Canada. He received the Governor General�s Award in Visual and Media Arts in 2005, the same year of his death. In 2011, the National Gallery of Canada produced a posthumous retrospective of his work that travelled across the country. ",P10042,"Carl Beam (May 24, 1943 � July 30, 2005) was born Carl Edward Migwans at the M�Chigeeng First Nation on Manitoulin Island, Ontario. He made Canadian art history as the first artist of Native Ancestry to have his work purchased by the National Gallery of Canada as Contemporary Art.","Beam, Carl",Carl Beam
,Micheline Beauchemin,,,P10043,,"Beauchemin, Micheline",Micheline Beauchemin
,Lise Beaudry,,,P10044,,"Beaudry, Lise",Lise Beaudry
,M.K.L Beery,,,P10045,,"Beery, M.K.L",M.K.L Beery
,Sylvie Belanger,,,P10046,,"Belanger, Sylvie",Sylvie Belanger
,Anthony Benjamin,,,P10047,,"Benjamin, Anthony",Anthony Benjamin
,Roloff Beny,,,P10048,,"Beny, Roloff",Roloff Beny
,Stefan Berg,,,P10049,,"Berg, Stefan",Stefan Berg
,R.J Berger,,,P10050,,"Berger, R.J",R.J Berger
,Robert Berlin,,,P10051,,"Berlin, Robert",Robert Berlin
,Michaele Berman,,,P10052,,"Berman, Michaele",Michaele Berman
,Karl Beveridge,,,P10053,,"Beveridge, Karl",Karl Beveridge
,Wojtek Biczysko,,,P10054,,"Biczysko, Wojtek",Wojtek Biczysko
,Michael T. Bidner,,,P10055,,"Bidner, Michael T.",Michael T. Bidner
,Ted Bieler,,,P10056,,"Bieler, Ted",Ted Bieler
,David Blackwood,,,P10057,,"Blackwood, David",David Blackwood
,Zbigniew Blazeje,,,P10058,,"Blazeje, Zbigniew",Zbigniew Blazeje
,Ronald Bloore,,,P10059,,"Bloore, Ronald",Ronald Bloore
,Ronald Boaks,,,P10060,,"Boaks, Ronald",Ronald Boaks
,George Boileau,,,P10061,,"Boileau, George",George Boileau
,Giles Boisvert,,,P10062,,"Boisvert, Giles",Giles Boisvert
,David Bolduc,,,P10063,,"Bolduc, David",David Bolduc
,James Bond,,,P10064,,"Bond, James",James Bond
,Richard Bonderenko,,,P10065,,"Bonderenko, Richard",Richard Bonderenko
,Linda Book,,,P10066,,"Book, Linda",Linda Book
,Jacob Boone,,,P10067,,"Boone, Jacob",Jacob Boone
,Paul-Emile Borduas,,,P10068,,"Borduas, Paul-Emile",Paul-Emile Borduas
,Diane Bos,,,P10069,,"Bos, Diane",Diane Bos
,Stanley Boxer,,,P10070,,"Boxer, Stanley",Stanley Boxer
,John Boyle,,,P10071,,"Boyle, John",John Boyle
,Claude Breeze,,,P10072,,"Breeze, Claude",Claude Breeze
,Miller Brittain,,,P10073,,"Brittain, Miller",Miller Brittain
,Christopher Broadhurst,,,P10074,,"Broadhurst, Christopher",Christopher Broadhurst
,Bertram Brooker,,,P10075,,"Brooker, Bertram",Bertram Brooker
,Yael Brotman,,,P10076,,"Brotman, Yael",Yael Brotman
,"Cornelis Brouwer (after Jan Bulthuis, after Pieter Barbiers)",,,P10077,,"Brouwer, Cornelis (after Jan Bulthuis, after Pieter Barbiers)","Cornelis Brouwer (after Jan Bulthuis, after Pieter Barbiers)"
,Donna Brunsdale,,,P10078,,"Brunsdale, Donna",Donna Brunsdale
,Alfredo Buenaventura,,,P10079,,"Buenaventura, Alfredo",Alfredo Buenaventura
,Doug Buis,,,P10080,,"Buis, Doug",Doug Buis
,Brian Burnett,,,P10081,,"Burnett, Brian",Brian Burnett
,Edward Burtynsky,,,P10082,,"Burtynsky, Edward",Edward Burtynsky
,Jack Bush,,,P10083,,"Bush, Jack",Jack Bush
,Sheila Butler,,,P10084,,"Butler, Sheila",Sheila Butler
,Peter Byrne,,,P10085,,"Byrne, Peter",Peter Byrne
,Alexander Calder,,,P10086,,"Calder, Alexander",Alexander Calder
,Piatriciu Calimente,,,P10087,,"Calimente, Piatriciu",Piatriciu Calimente
,Jacques Callot,,,P10088,,"Callot, Jacques",Jacques Callot
,Laura Calvi,,,P10089,,"Calvi, Laura",Laura Calvi
,Alex Cameron,,,P10090,,"Cameron, Alex",Alex Cameron
,Tracy Carbert,,,P10091,,"Carbert, Tracy",Tracy Carbert
,Anthony Caro,,,P10092,,"Caro, Anthony",Anthony Caro
,Marc Chagall,,,P10093,,"Chagall, Marc",Marc Chagall
,Jack Chambers,,,P10094,,"Chambers, Jack",Jack Chambers
,Harvey Chao,,,P10095,,"Chao, Harvey",Harvey Chao
,David Chavel,,,P10096,,"Chavel, David",David Chavel
,Jules Cheret (atelier),,,P10097,,"Cheret (atelier), Jules",Jules Cheret (atelier)
,Jules Cheret,,,P10098,,"Cheret, Jules",Jules Cheret
,Victor Cicansky,,,P10099,,"Cicansky, Victor",Victor Cicansky
,Kelly Clark,,,P10100,,"Clark, Kelly",Kelly Clark
,Sheldon Cohen,,,P10101,,"Cohen, Sheldon",Sheldon Cohen
,Gerard Collins,,,P10102,,"Collins, Gerard",Gerard Collins
,Nicole Collins,,,P10103,,"Collins, Nicole",Nicole Collins
,T.E. Weir and Jeremy Cooper,,,P10104,,"Weir, T.E. and Jeremy Cooper",T.E. Weir and Jeremy Cooper
,Corneille,,,P10105,,Corneille,Corneille
,Graham Coughtry,,,P10106,,"Coughtry, Graham",Graham Coughtry
,Walter Crane,,,P10107,,"Crane, Walter",Walter Crane
,Enzo Cucchi (et alia),,,P10108,,"Cucchi (et alia), Enzo",Enzo Cucchi (et alia)
,Enzo Cucchi,,,P10109,,"Cucchi, Enzo",Enzo Cucchi
,Clark Cunningham,,,P10110,,"Cunningham, Clark",Clark Cunningham
,Maura Cunningham,,,P10111,,"Cunningham, Maura",Maura Cunningham
,Ruben Komangapik and Kommuatuk (Kuzy)  Curley,,,P10112,,"Komangapik, Ruben and Kommuatuk (Kuzy) Curley",Ruben Komangapik and Kommuatuk (Kuzy)  Curley
,Greg Curnoe,,,P10113,,"Curnoe, Greg",Greg Curnoe
,Judith Currelly,,,P10114,,"Currelly, Judith",Judith Currelly
,Allan D'Arcangelo,,,P10115,,"D'Arcangelo, Allan",Allan D'Arcangelo
,Jack Dale,,,P10116,,"Dale, Jack",Jack Dale
,Francois Dallegret,,,P10117,,"Dallegret, Francois",Francois Dallegret
,Ken Danby,,,P10118,,"Danby, Ken",Ken Danby
,Honor� Daumier (after),,,P10119,,"Daumier (after), Honor�",Honor� Daumier (after)
,Honor� Daumier,,,P10120,,"Daumier, Honor�",Honor� Daumier
,Michael Davey,,,P10121,,"Davey, Michael",Michael Davey
,Eugenio Davidson,,,P10122,,"Davidson, Eugenio",Eugenio Davidson
,Gene Davis,,,P10123,,"Davis, Gene",Gene Davis
,Betty Davison,,,P10124,,"Davison, Betty",Betty Davison
,Georges de Feure,,,P10125,,"de Feure, Georges",Georges de Feure
,Willem De Kooning,,,P10126,,"De Kooning, Willem",Willem De Kooning
,Alphonse Marc De Neuville,,,P10127,,"De Neuville, Alphonse Marc",Alphonse Marc De Neuville
,Louis De Niverville,,,P10128,,"De Niverville, Louis",Louis De Niverville
,Edgar Degas,,,P10129,,"Degas, Edgar",Edgar Degas
,Jean-Marie Delavalle,,,P10130,,"Delavalle, Jean-Marie",Jean-Marie Delavalle
,Stefano Della Bella,,,P10131,,"Della Bella, Stefano",Stefano Della Bella
,Francois-Seraphin Delpeche,,,P10132,,"Delpeche, Francois-Seraphin",Francois-Seraphin Delpeche
,Oya Demirili,,,P10133,,"Demirili, Oya",Oya Demirili
,Mark Di Suvero,,,P10134,,"Di Suvero, Mark",Mark Di Suvero
,Jim Dine,,,P10135,,"Dine, Jim",Jim Dine
,Wendy Dobereiner,,,P10136,,"Dobereiner, Wendy",Wendy Dobereiner
,Alexander Dobkin,,,P10137,,"Dobkin, Alexander",Alexander Dobkin
,Niall Donaghy,,,P10138,,"Donaghy, Niall",Niall Donaghy
,Lynn Donoghue,,,P10139,,"Donoghue, Lynn",Lynn Donoghue
,Robert Downing,,,P10140,,"Downing, Robert",Robert Downing
,Joseph Drapell,,,P10141,,"Drapell, Joseph",Joseph Drapell
,Russell Drisch,,,P10142,,"Drisch, Russell",Russell Drisch
,Gregory Dru,,,P10143,,"Dru, Gregory",Gregory Dru
,Barbara Dunphy,,,P10144,,"Dunphy, Barbara",Barbara Dunphy
,Henry Dunsmore,,,P10145,,"Dunsmore, Henry",Henry Dunsmore
,Thomasee Echalook,,,P10146,,"Echalook, Thomasee",Thomasee Echalook
,Eegeevoodloo (attributed to),,,P10147,,Eegeevoodloo (attributed to),Eegeevoodloo (attributed to)
,Elijassiapik,,,P10148,,Elijassiapik,Elijassiapik
,Eli Elijassiapik,,,P10149,,"Elijassiapik, Eli",Eli Elijassiapik
,Kosso Eloul,,,P10150,,"Eloul, Kosso",Kosso Eloul
,Sorel Etrog,,,P10151,,"Etrog, Sorel",Sorel Etrog
,Janieta Eyre,,,P10152,,"Eyre, Janieta",Janieta Eyre
,Zev Farber,,,P10153,,"Farber, Zev",Zev Farber
,Denis Farley,,,P10154,,"Farley, Denis",Denis Farley
,Andre Fauteux,,,P10155,,"Fauteux, Andre",Andre Fauteux
,Murray Favro,,,P10156,,"Favro, Murray",Murray Favro
,Bill Featherston,,,P10157,,"Featherston, Bill",Bill Featherston
,Harold Feist,,,P10158,,"Feist, Harold",Harold Feist
,Paul Feldman,,,P10159,,"Feldman, Paul",Paul Feldman
,Gerald Ferguson,,,P10160,,"Ferguson, Gerald",Gerald Ferguson
,Brendan Fernandes,,"Born in Nairobi, Kenya, Brendan Fernandes was classically trained as a ballet dancer. A torn hamstring in college, however, shifted his career to the visual arts. Since completing his formal education, he attended the Whitney ISP in 2006.He has since exhibited widely, including at the Getty in Los Angeles in 2017 and the 2019 Whitney Biennial.",P10161,Brendan Fernandes (1979) is a Canadian contemporary artist. He specializes in installation and visual art and currently serves as a faculty member at Northwestern University teaching art theory and practice.,"Fernandes, Brendan",Brendan Fernandes
,Phyllis Kurtz Fine,,,P10162,,"Fine, Phyllis Kurtz",Phyllis Kurtz Fine
,D.P Fiorini,,,P10163,,"Fiorini, D.P",D.P Fiorini
,Brian Fisher,,,P10164,,"Fisher, Brian",Brian Fisher
,Lionel Fitzgerald,,,P10165,,"Fitzgerald, Lionel",Lionel Fitzgerald
,Joe Fleming,,,P10166,,"Fleming, Joe",Joe Fleming
,Jean Louis Forain,,,P10167,,"Forain, Jean Louis",Jean Louis Forain
,Tom Forrestall,,,P10168,,"Forrestall, Tom",Tom Forrestall
,Paul Fournier,,,P10169,,"Fournier, Paul",Paul Fournier
,Albert Franck,,,P10170,,"Franck, Albert",Albert Franck
,Helen Frankenthaler,,,P10171,,"Frankenthaler, Helen",Helen Frankenthaler
,Fred Franzen,,,P10172,,"Franzen, Fred",Fred Franzen
,Carole P. Freeman,,,P10173,,"Freeman, Carole P.",Carole P. Freeman
,Lillian Freiman,,,P10174,,"Freiman, Lillian",Lillian Freiman
,Vera Frenkel,,,P10175,,"Frenkel, Vera",Vera Frenkel
,Erik Gamble,,,P10176,,"Gamble, Erik",Erik Gamble
,Atsmon Ganor,,,P10177,,"Ganor, Atsmon",Atsmon Ganor
,Eldon Garnet,,,P10178,,"Garnet, Eldon",Eldon Garnet
,Yves Gaucher,,,P10179,,"Gaucher, Yves",Yves Gaucher
,David General,,,P10180,,"General, David",David General
,Robert Genn,,,P10181,,"Genn, Robert",Robert Genn
,M. Soule Gerber,,,P10182,,"Gerber, M. Soule",M. Soule Gerber
,Lise Gervais,,,P10183,,"Gervais, Lise",Lise Gervais
,C Gesmar,,,P10184,,"Gesmar, C",C Gesmar
,Alberto Giacometti,,,P10185,,"Giacometti, Alberto",Alberto Giacometti
,David Gilhooly,,,P10186,,"Gilhooly, David",David Gilhooly
,Will Gill,,,P10187,,"Gill, Will",Will Gill
,Gerald Gladstone,,,P10188,,"Gladstone, Gerald",Gerald Gladstone
,Eric Glavin,,,P10189,,"Glavin, Eric",Eric Glavin
,Kasimir Glaz,,,P10190,,"Glaz, Kasimir",Kasimir Glaz
,Raphael Goldchain,,,P10191,,"Goldchain, Raphael",Raphael Goldchain
,Jeff Goodman,,,P10192,,"Goodman, Jeff",Jeff Goodman
,Richard Gorman,,,P10193,,"Gorman, Richard",Richard Gorman
,Adolph Gottlieb,,,P10194,,"Gottlieb, Adolph",Adolph Gottlieb
,Rodney Graham,,,P10195,,"Graham, Rodney",Rodney Graham
,J.I.I. Gerard Grandville,,,P10196,,"Grandville, J.I.I. Gerard",J.I.I. Gerard Grandville
,Eugene Grasset,,,P10197,,"Grasset, Eugene",Eugene Grasset
,Paige Gratland and Day Milman,,,P10198,,"Gratland, Paige and Day Milman",Paige Gratland and Day Milman
,Jerry Grey,,,P10199,,"Grey, Jerry",Jerry Grey
,Sir Wylie Grier,,,P10200,,"Grier, Sir Wylie",Sir Wylie Grier
,Clint Griffin,,,P10201,,"Griffin, Clint",Clint Griffin
,Scott Griffin,,,P10202,,"Griffin, Scott",Scott Griffin
,Brian Groombridge,,,P10203,,"Groombridge, Brian",Brian Groombridge
,Claude Guertin,,,P10204,,"Guertin, Claude",Claude Guertin
,Allie H (attributed to),,,P10205,,"H (attributed to), Allie",Allie H (attributed to)
,Hakka,,,P10206,,Hakka,Hakka
,Anitra Hamilton,,,P10207,,"Hamilton, Anitra",Anitra Hamilton
,Richard Hamilton,,,P10208,,"Hamilton, Richard",Richard Hamilton
,Tom Hammick,,,P10209,,"Hammick, Tom",Tom Hammick
,Arni Haraldsson,,,P10210,,"Haraldsson, Arni",Arni Haraldsson
,John Hartman,,,P10211,,"Hartman, John",John Hartman
,Hans Hartung,,,P10212,,"Hartung, Hans",Hans Hartung
,Arnold Hassal,,,P10213,,"Hassal, Arnold",Arnold Hassal
,George Hawken,,,P10214,,"Hawken, George",George Hawken
,Keichi Hayano,,,P10215,,"Hayano, Keichi",Keichi Hayano
,Michael Hayden,,,P10216,,"Hayden, Michael",Michael Hayden
,S.W Hayter,,,P10217,,"Hayter, S.W",S.W Hayter
,Robert Hedrick,,,P10218,,"Hedrick, Robert",Robert Hedrick
,Cornelius Heesters,,,P10219,,"Heesters, Cornelius",Cornelius Heesters
,Jules Heller,,,P10220,,"Heller, Jules",Jules Heller
,Susanna Heller,,,P10221,,"Heller, Susanna",Susanna Heller
,Francis Henne,,,P10222,,"Henne, Francis",Francis Henne
,Barbara Hepworth,,,P10223,,"Hepworth, Barbara",Barbara Hepworth
,Paul Hermann,,,P10224,,"Hermann, Paul",Paul Hermann
,Jane Hinton,,,P10225,,"Hinton, Jane",Jane Hinton
,Marla Hlady,,,P10226,,"Hlady, Marla",Marla Hlady
,Tom Hodgson,,,P10227,,"Hodgson, Tom",Tom Hodgson
,David Holden,,,P10228,,"Holden, David",David Holden
,Alan Barkley and Linda Holoway,,,P10229,,"Barkley, Alan and Linda Holoway",Alan Barkley and Linda Holoway
,Cathrin Hoskinson,,,P10230,,"Hoskinson, Cathrin",Cathrin Hoskinson
,Brian Hoxha,,,P10231,,"Hoxha, Brian",Brian Hoxha
,Amy-Claire Huestis,,,P10232,,"Huestis, Amy-Claire",Amy-Claire Huestis
,Jack Humphrey,,,P10233,,"Humphrey, Jack",Jack Humphrey
,Nene Humphrey,,,P10234,,"Humphrey, Nene",Nene Humphrey
,Fritz Hundertwasser,,,P10235,,"Hundertwasser, Fritz",Fritz Hundertwasser
,Bryan Hunt,,,P10236,,"Hunt, Bryan",Bryan Hunt
,Oliver Husain,,,P10237,,"Husain, Oliver",Oliver Husain
,Paul Hutner,,,P10238,,"Hutner, Paul",Paul Hutner
,Mary Igiu,,,P10239,,"Igiu, Mary",Mary Igiu
,Johnnie Inookpuk,,,P10240,,"Inookpuk, Johnnie",Johnnie Inookpuk
,Eli Inukpaluk,,,P10241,,"Inukpaluk, Eli",Eli Inukpaluk
,Daniel Inukpuk,,,P10242,,"Inukpuk, Daniel",Daniel Inukpuk
,Jobie Inukpuk,,,P10243,,"Inukpuk, Jobie",Jobie Inukpuk
,Johnny Inukpuk,,,P10244,,"Inukpuk, Johnny",Johnny Inukpuk
,"Johnny, Jr. Inukpuk",,,P10245,,"Inukpuk, Johnny, Jr.","Johnny, Jr. Inukpuk"
,Isapik (attributed to),,,P10246,,Isapik (attributed to),Isapik (attributed to)
,Ishanak,,,P10247,,Ishanak,Ishanak
,Gershon Iskowitz,,,P10248,,"Iskowitz, Gershon",Gershon Iskowitz
,Samisa Passauralu Ivilla,,,P10249,,"Ivilla, Samisa Passauralu",Samisa Passauralu Ivilla
,Richard Jack,,,P10250,,"Jack, Richard",Richard Jack
,Alain Jacquet,,,P10251,,"Jacquet, Alain",Alain Jacquet
,Jean Jansen,,,P10252,,"Jansen, Jean",Jean Jansen
,Kenneth P. Jarvis,,,P10253,,"Jarvis, Kenneth P.",Kenneth P. Jarvis
,Tamara Jaworska,,,P10254,,"Jaworska, Tamara",Tamara Jaworska
,Patrick Jenkins,,,P10255,,"Jenkins, Patrick",Patrick Jenkins
,Liu Jian,,,P10256,,"Jian, Liu",Liu Jian
,Joanassie (attributed to),,,P10257,,Joanassie (attributed to),Joanassie (attributed to)
,Jasper Johns,,,P10258,,"Johns, Jasper",Jasper Johns
,Allen Jones,,,P10259,,"Jones, Allen",Allen Jones
,Barrie Jones,,,P10260,,"Jones, Barrie",Barrie Jones
,Janet Jones,,,P10261,,"Jones, Janet",Janet Jones
,Alison Judd,,,P10262,,"Judd, Alison",Alison Judd
,Menashe Kadishman,,,P10263,,"Kadishman, Menashe",Menashe Kadishman
,Robert Kaiser,,,P10264,,"Kaiser, Robert",Robert Kaiser
,Kakatuk,,,P10265,,Kakatuk,Kakatuk
,Kania (attributed to),,,P10266,,Kania (attributed to),Kania (attributed to)
,Kannok (attributed to),,,P10267,,Kannok (attributed to),Kannok (attributed to)
,Daniel Kasudluak,,,P10268,,"Kasudluak, Daniel",Daniel Kasudluak
,Davidee Kasudluak,,,P10269,,"Kasudluak, Davidee",Davidee Kasudluak
,Johnnie Kasudluak,,,P10270,,"Kasudluak, Johnnie",Johnnie Kasudluak
,Paulosie Kasudluak,,,P10271,,"Kasudluak, Paulosie",Paulosie Kasudluak
,Peter Kasudluak,,,P10272,,"Kasudluak, Peter",Peter Kasudluak
,Katoka (attributed to),,,P10273,,Katoka (attributed to),Katoka (attributed to)
,Mary Kennedy,,,P10274,,"Kennedy, Mary",Mary Kennedy
,Kiakshuk,,,P10275,,Kiakshuk,Kiakshuk
,Kiakshuk (attributed to),,,P10276,,Kiakshuk (attributed to),Kiakshuk (attributed to)
,Ken Kirkby,,,P10277,,"Kirkby, Ken",Ken Kirkby
,Harry Kiyooka,,,P10278,,"Kiyooka, Harry",Harry Kiyooka
,Roy Kenzie Kiyooka,,,P10279,,"Kiyooka, Roy Kenzie",Roy Kenzie Kiyooka
,Oscar Kokoschka,,,P10280,,"Kokoschka, Oscar",Oscar Kokoschka
,Wanda Koop,,,P10281,,"Koop, Wanda",Wanda Koop
,C.H Kowallek,,,P10282,,"Kowallek, C.H",C.H Kowallek
,Lee Krasner,,,P10283,,"Krasner, Lee",Lee Krasner
,Sholem Krishtalka,,,P10284,,"Krishtalka, Sholem",Sholem Krishtalka
,Nobuo Kubota,,,P10285,,"Kubota, Nobuo",Nobuo Kubota
,Lucassie Kumarluk,,,P10286,,"Kumarluk, Lucassie",Lucassie Kumarluk
,William Kurelek,,,P10287,,"Kurelek, William",William Kurelek
,Timothy Kutchaka,,,P10288,,"Kutchaka, Timothy",Timothy Kutchaka
,Donna Kwasnicki,,,P10289,,"Kwasnicki, Donna",Donna Kwasnicki
,Richard Lacroix,,,P10290,,"Lacroix, Richard",Richard Lacroix
,Jiri Ladocha,,,P10291,,"Ladocha, Jiri",Jiri Ladocha
,Gerald Laing,,,P10292,,"Laing, Gerald",Gerald Laing
,Norman Laliberte,,,P10293,,"Laliberte, Norman",Norman Laliberte
,Randy Lander,,,P10294,,"Lander, Randy",Randy Lander
,James Fenwick Lansdowne,,,P10295,,"Lansdowne, James Fenwick",James Fenwick Lansdowne
,Ibram Lassaw,,,P10296,,"Lassaw, Ibram",Ibram Lassaw
,Maarten Laupman,,,P10297,,"Laupman, Maarten",Maarten Laupman
,Nicolas Lawreince (de Quevauviller),,,P10298,,"Lawreince (de Quevauviller), Nicolas",Nicolas Lawreince (de Quevauviller)
,Nicolas Lawreince (Tresca),,,P10299,,"Lawreince (Tresca), Nicolas",Nicolas Lawreince (Tresca)
,Don Lawrence,,,P10300,,"Lawrence, Don",Don Lawrence
,Helen Lawson,,,P10301,,"Lawson, Helen",Helen Lawson
,Thomas Lax,,,P10302,,"Lax, Thomas",Thomas Lax
,Francis Le Bouthiller,,,P10303,,"Le Bouthiller, Francis",Francis Le Bouthiller
,Leah (attributed to),,,P10304,,Leah (attributed to),Leah (attributed to)
,J.J Lee,,,P10305,,"Lee, J.J",J.J Lee
,Cyril Leeper,,,P10306,,"Leeper, Cyril",Cyril Leeper
,Fernand Leger,,,P10307,,"Leger, Fernand",Fernand Leger
,Jean-Paul Lemieux,,,P10308,,"Lemieux, Jean-Paul",Jean-Paul Lemieux
,Julio LeParc,,,P10309,,"LeParc, Julio",Julio LeParc
,Hugh Leroy,,,P10310,,"Leroy, Hugh",Hugh Leroy
,Levi (attributed to),,,P10311,,Levi (attributed to),Levi (attributed to)
,Les Levine,,,P10312,,"Levine, Les",Les Levine
,Roy Lichtenstein,,,P10313,,"Lichtenstein, Roy",Roy Lichtenstein
,Charlotte Lindgren,,,P10314,,"Lindgren, Charlotte",Charlotte Lindgren
,Doreen Lindsay,,,P10315,,"Lindsay, Doreen",Doreen Lindsay
,Stephen Livick,,,P10316,,"Livick, Stephen",Stephen Livick
,Sue Lloyd,,,P10317,,"Lloyd, Sue",Sue Lloyd
,Kenneth C. Lochhead,,,P10318,,"Lochhead, Kenneth C.",Kenneth C. Lochhead
,Alex Logan,,,P10319,,"Logan, Alex",Alex Logan
,Howard Lonn,,,P10320,,"Lonn, Howard",Howard Lonn
,Gino Lorcini,,,P10321,,"Lorcini, Gino",Gino Lorcini
,Loudloo (attributed to),,,P10322,,Loudloo (attributed to),Loudloo (attributed to)
,Fang Lu,,,P10323,,"Lu, Fang",Fang Lu
,Helen Lucas,,,P10324,,"Lucas, Helen",Helen Lucas
,Alexandre Lunois,,,P10325,,"Lunois, Alexandre",Alexandre Lunois
,Peter MacCallum,,,P10326,,"MacCallum, Peter",Peter MacCallum
,Jock MacDonald,,,P10327,,"MacDonald, Jock",Jock MacDonald
,John MacGregor,,,P10328,,"MacGregor, John",John MacGregor
,Peter MacKendrick,,,P10329,,"MacKendrick, Peter",Peter MacKendrick
,Gordon MacNamara,,,P10330,,"MacNamara, Gordon",Gordon MacNamara
,Liz Magor,,,P10331,,"Magor, Liz",Liz Magor
,Peter Mah,,,P10332,,"Mah, Peter",Peter Mah
,Alfred Manessier,,,P10333,,"Manessier, Alfred",Alfred Manessier
,George Manupelli,,,P10334,,"Manupelli, George",George Manupelli
,Lucie Angalakte Mapsalak (attributed to),,,P10335,,"Mapsalak (attributed to), Lucie Angalakte",Lucie Angalakte Mapsalak (attributed to)
,Gilbert Marion,,,P10336,,"Marion, Gilbert",Gilbert Marion
,Robert Markle,,,P10337,,"Markle, Robert",Robert Markle
,Ron Martin,,,P10338,,"Martin, Ron",Ron Martin
,Mathewsie (attributed to),,,P10339,,Mathewsie (attributed to),Mathewsie (attributed to)
,Rick McCarthy,,,P10340,,"McCarthy, Rick",Rick McCarthy
,David McDougall,,,P10341,,"McDougall, David",David McDougall
,William Hodd McElcheran,,,P10342,,"McElcheran, William Hodd",William Hodd McElcheran
,Jean McEwen,,,P10343,,"McEwen, Jean",Jean McEwen
,Casey McGlynn,,,P10344,,"McGlynn, Casey",Casey McGlynn
,John McGregor,,,P10345,,"McGregor, John",John McGregor
,Arthur Fortescue McKay,,,P10346,,"McKay, Arthur Fortescue",Arthur Fortescue McKay
,Roy McMurtry,,,P10347,,"McMurtry, Roy",Roy McMurtry
,Robert McNealy,,,P10348,,"McNealy, Robert",Robert McNealy
,Ray Mead,,,P10349,,"Mead, Ray",Ray Mead
,Charles Meanwell,,,P10350,,"Meanwell, Charles",Charles Meanwell
,Stephen Mennie,,,P10351,,"Mennie, Stephen",Stephen Mennie
,John Meredith,,,P10352,,"Meredith, John",John Meredith
,Liesel Meyer,,,P10353,,"Meyer, Liesel",Liesel Meyer
,Sheldon Michaels,,,P10354,,"Michaels, Sheldon",Sheldon Michaels
,Tessa Middleton,,,P10355,,"Middleton, Tessa",Tessa Middleton
,Jan Milito,,,P10356,,"Milito, Jan",Jan Milito
,David Milne,,,P10357,,"Milne, David",David Milne
,Martha Ulliyak Milortok,,,P10358,,"Milortok, Martha Ulliyak",Martha Ulliyak Milortok
,Minmossie (attributed to),,,P10359,,Minmossie (attributed to),Minmossie (attributed to)
,Joan Miro,,,P10360,,"Miro, Joan",Joan Miro
,Guido Molinari,,,P10361,,"Molinari, Guido",Guido Molinari
,Andre Montpetit,,,P10362,,"Montpetit, Andre",Andre Montpetit
,Laura Moor,,,P10363,,"Moor, Laura",Laura Moor
,Henry Moore,,,P10364,,"Moore, Henry",Henry Moore
,Norval Morrisseau,,,P10365,,"Morrisseau, Norval",Norval Morrisseau
,Douglas Morton,,,P10366,,"Morton, Douglas",Douglas Morton
,Robert Motherwell,,,P10367,,"Motherwell, Robert",Robert Motherwell
,James Mroczkowski,,,P10368,,"Mroczkowski, James",James Mroczkowski
,Munya Mudzima,,,P10369,,"Mudzima, Munya",Munya Mudzima
,Bruce Muir,,,P10370,,"Muir, Bruce",Bruce Muir
,Louis Jean Muller,,,P10371,,"Muller, Louis Jean",Louis Jean Muller
,Otto Muller,,,P10372,,"Muller, Otto",Otto Muller
,Frank Mulvey,,,P10373,,"Mulvey, Frank",Frank Mulvey
,Kathleen Munn,,,P10374,,"Munn, Kathleen",Kathleen Munn
,Will Munro,,,P10375,,"Munro, Will",Will Munro
,Robert Murray,,,P10376,,"Murray, Robert",Robert Murray
,Antonio Zoran Music,,,P10377,,"Music, Antonio Zoran",Antonio Zoran Music
,Edward Muybridge,,,P10378,,"Muybridge, Edward",Edward Muybridge
,N.N,,,P10379,,N.N,N.N
,Kazuo Nakamura,,,P10380,,"Nakamura, Kazuo",Kazuo Nakamura
,Reuben Nakian,,,P10381,,"Nakian, Reuben",Reuben Nakian
,Philiposie Napatuk,,,P10382,,"Napatuk, Philiposie",Philiposie Napatuk
,Abraham Nastapoka,,,P10383,,"Nastapoka, Abraham",Abraham Nastapoka
,Samson Nastapoka,,,P10384,,"Nastapoka, Samson",Samson Nastapoka
,Natsivaar,,,P10385,,Natsivaar,Natsivaar
,Nayoumealook (attributed to),,,P10386,,Nayoumealook (attributed to),Nayoumealook (attributed to)
,Conlucy Nayoumealook,,,P10387,,"Nayoumealook, Conlucy",Conlucy Nayoumealook
,Timothy Nayoumealook,,,P10388,,"Nayoumealook, Timothy",Timothy Nayoumealook
,Marianne Neil,,,P10389,,"Neil, Marianne",Marianne Neil
,William J.B. Newcombe,,,P10390,,"Newcombe, William J.B.",William J.B. Newcombe
,Neil Newton,,,P10391,,"Newton, Neil",Neil Newton
,Jack Nichols,,,P10392,,"Nichols, Jack",Jack Nichols
,Niviaksiak,,,P10393,,Niviaksiak,Niviaksiak
,Niviaksiak (attributed to),,,P10394,,Niviaksiak (attributed to),Niviaksiak (attributed to)
,Adamie Niviaxie,,,P10395,,"Niviaxie, Adamie",Adamie Niviaxie
,Conlucy Niviaxie,,,P10396,,"Niviaxie, Conlucy",Conlucy Niviaxie
,Samwillie Niviaxie,,,P10397,,"Niviaxie, Samwillie",Samwillie Niviaxie
,Kenneth Noland,,,P10398,,"Noland, Kenneth",Kenneth Noland
,Peter Nooktialook,,,P10399,,"Nooktialook, Peter",Peter Nooktialook
,Maria Nordman,,,P10400,,"Nordman, Maria",Maria Nordman
,Noah Nowrakudluk,,,P10401,,"Nowrakudluk, Noah",Noah Nowrakudluk
,Iqalu Isidore Nutaraalu,,,P10402,,"Nutaraalu, Iqalu Isidore",Iqalu Isidore Nutaraalu
,Johnny Angutigulu Nuvalinga,,,P10403,,"Nuvalinga, Johnny Angutigulu",Johnny Angutigulu Nuvalinga
,Oblayou,,,P10404,,Oblayou,Oblayou
,Louis Oksokitok,,,P10405,,"Oksokitok, Louis",Louis Oksokitok
,Toni Onley,,,P10406,,"Onley, Toni",Toni Onley
,Oomayoualook,,,P10407,,Oomayoualook,Oomayoualook
,Isa Oomayoualook,,,P10408,,"Oomayoualook, Isa",Isa Oomayoualook
,Jessie Oonark,,,P10409,,"Oonark, Jessie",Jessie Oonark
,Ruby A. Oonark,,,P10410,,"Oonark, Ruby A.",Ruby A. Oonark
,Sheokjuk Oqutaq,,,P10411,,"Oqutaq, Sheokjuk",Sheokjuk Oqutaq
,Anirnik Oshuitoq,,,P10412,,"Oshuitoq, Anirnik",Anirnik Oshuitoq
,Nineeuga Oshuitoq,,,P10413,,"Oshuitoq, Nineeuga",Nineeuga Oshuitoq
,Henry Quvianaqtuliac Ottokie,,,P10414,,"Ottokie, Henry Quvianaqtuliac",Henry Quvianaqtuliac Ottokie
,Quyuq Ottokie,,,P10415,,"Ottokie, Quyuq",Quyuq Ottokie
,Daniel Oweetaluktuk,,,P10416,,"Oweetaluktuk, Daniel",Daniel Oweetaluktuk
,Dawn Owen,,,P10417,,"Owen, Dawn",Dawn Owen
,Charles Pachter,,,P10418,,"Pachter, Charles",Charles Pachter
,Mary Tukiliaq Padlayat,,,P10419,,"Padlayat, Mary Tukiliaq",Mary Tukiliaq Padlayat
,Luke Painter,,,P10420,,"Painter, Luke",Luke Painter
,John Palchinski,,,P10421,,"Palchinski, John",John Palchinski
,Panqnirtunq,,,P10422,,Panqnirtunq,Panqnirtunq
,Eduardo Paolozzi,,,P10423,,"Paolozzi, Eduardo",Eduardo Paolozzi
,Josie Pamiutu Papialuk,,,P10424,,"Papialuk, Josie Pamiutu",Josie Pamiutu Papialuk
,Lee Paquette,,,P10425,,"Paquette, Lee",Lee Paquette
,Eleeshushe Parr,,,P10426,,"Parr, Eleeshushe",Eleeshushe Parr
,Quvianatuliak Parr,,,P10427,,"Parr, Quvianatuliak",Quvianatuliak Parr
,Bruce Parsons,,,P10428,,"Parsons, Bruce",Bruce Parsons
,David G. Partridge,,,P10429,,"Partridge, David G.",David G. Partridge
,Noah Tukai Paulosie,,,P10430,,"Paulosie, Noah Tukai",Noah Tukai Paulosie
,Paunichea,,,P10431,,Paunichea,Paunichea
,Gilles Payette,,,P10432,,"Payette, Gilles",Gilles Payette
,Jean Miseclas Peske,,,P10433,,"Peske, Jean Miseclas",Jean Miseclas Peske
,Christiane Pflug,,,P10434,,"Pflug, Christiane",Christiane Pflug
,Peter Phillips,,,P10435,,"Phillips, Peter",Peter Phillips
,Ulayu Pingwartok,,,P10436,,"Pingwartok, Ulayu",Ulayu Pingwartok
,David Ruben Piqtoukun,,,P10437,,"Piqtoukun, David Ruben",David Ruben Piqtoukun
,Ashoona Pitseolak,,,P10438,,"Pitseolak, Ashoona",Ashoona Pitseolak
,Mary Pitseolak,,,P10439,,"Pitseolak, Mary",Mary Pitseolak
,Leopold Plotek,,,P10440,,"Plotek, Leopold",Leopold Plotek
,Tiiu Poder,,,P10441,,"Poder, Tiiu",Tiiu Poder
,Kananginak Pootoogook,,,P10442,,"Pootoogook, Kananginak",Kananginak Pootoogook
,Pudlat Pootoogook,,,P10443,,"Pootoogook, Pudlat",Pudlat Pootoogook
,Abraham Pov,,,P10444,,"Pov, Abraham",Abraham Pov
,Simon Pov,,,P10445,,"Pov, Simon",Simon Pov
,Christopher Pratt,,,P10446,,"Pratt, Christopher",Christopher Pratt
,Innukjuakju Pudlat,,,P10447,,"Pudlat, Innukjuakju",Innukjuakju Pudlat
,Mary Pudlat,,,P10448,,"Pudlat, Mary",Mary Pudlat
,Ningeoseak Pudlat,,,P10449,,"Pudlat, Ningeoseak",Ningeoseak Pudlat
,Pudlo Pudlat,,,P10450,,"Pudlat, Pudlo",Pudlo Pudlat
,Pilupusi Putugu,,,P10451,,"Putugu, Pilupusi",Pilupusi Putugu
,Qabaroak Qatsiya,,,P10452,,"Qatsiya, Qabaroak",Qabaroak Qatsiya
,Lukta Qiatsuk (attributed to),,,P10453,,"Qiatsuk (attributed to), Lukta",Lukta Qiatsuk (attributed to)
,Lukta Qiatsuk,,,P10454,,"Qiatsuk, Lukta",Lukta Qiatsuk
,Eliassiapik Qiluqi,,,P10455,,"Qiluqi, Eliassiapik",Eliassiapik Qiluqi
,Matiusi Manukullu Qiluqi,,,P10456,,"Qiluqi, Matiusi Manukullu",Matiusi Manukullu Qiluqi
,Lucy Qinnuayuak,,,P10457,,"Qinnuayuak, Lucy",Lucy Qinnuayuak
,Charlie Quarak,,,P10458,,"Quarak, Charlie",Charlie Quarak
,Levi Qumaluk,,,P10459,,"Qumaluk, Levi",Levi Qumaluk
,Rackus,,,P10460,,Rackus,Rackus
,Jean Francois Raffaelli,,,P10461,,"Raffaelli, Jean Francois",Jean Francois Raffaelli
,Egevadluq Ragee,,,P10462,,"Ragee, Egevadluq",Egevadluq Ragee
,Mel Ramos,,,P10463,,"Ramos, Mel",Mel Ramos
,Avis Rasmussen,,,P10464,,"Rasmussen, Avis",Avis Rasmussen
,Mary E. Rawlyck,,,P10465,,"Rawlyck, Mary E.",Mary E. Rawlyck
,Gordon Rayner,,,P10466,,"Rayner, Gordon",Gordon Rayner
,R Realini,,,P10467,,"Realini, R",R Realini
,Georges Redon,,,P10468,,"Redon, Georges",Georges Redon
,Bill Reid,,,P10469,,"Reid, Bill",Bill Reid
,Jack Reppen,,,P10470,,"Reppen, Jack",Jack Reppen
,John Reynolds,,,P10471,,"Reynolds, John",John Reynolds
,Philip Richards,,,P10472,,"Richards, Philip",Philip Richards
,George Rickey,,,P10473,,"Rickey, George",George Rickey
,David Rifat,,,P10474,,"Rifat, David",David Rifat
,Jean-Paul Riopelle,,,P10475,,"Riopelle, Jean-Paul",Jean-Paul Riopelle
,Larry Rivers,,,P10476,,"Rivers, Larry",Larry Rivers
,Kevin Roach,,,P10477,,"Roach, Kevin",Kevin Roach
,Craig Rodmore,,,P10478,,"Rodmore, Craig",Craig Rodmore
,Sasha Rogers,,,P10479,,"Rogers, Sasha",Sasha Rogers
,William Ronald,,,P10480,,"Ronald, William",William Ronald
,James Rosenquist,,,P10481,,"Rosenquist, James",James Rosenquist
,Branko Rukavina,,,P10482,,"Rukavina, Branko",Branko Rukavina
,Alma Rumball,,,P10483,,"Rumball, Alma",Alma Rumball
,Kathryn Rupert Dazai,,,P10484,,"Rupert Dazai, Kathryn",Kathryn Rupert Dazai
,Deli Sacilotto,,,P10485,,"Sacilotto, Deli",Deli Sacilotto
,Donald Saff,,,P10486,,"Saff, Donald",Donald Saff
,Pauta Saila,,,P10487,,"Saila, Pauta",Pauta Saila
,David Samila,,,P10488,,"Samila, David",David Samila
,Samuelie,,,P10489,,Samuelie,Samuelie
,Jerry Santbergen,,,P10490,,"Santbergen, Jerry",Jerry Santbergen
,Alejandro Santiago,,,P10491,,"Santiago, Alejandro",Alejandro Santiago
,Joseph Sattler,,,P10492,,"Sattler, Joseph",Joseph Sattler
,Hector Saunier,,,P10493,,"Saunier, Hector",Hector Saunier
,Robert Savoie,,,P10494,,"Savoie, Robert",Robert Savoie
,Carl Fellman Schaefer,,,P10495,,"Schaefer, Carl Fellman",Carl Fellman Schaefer
,Susan Schelle,,,P10496,,"Schelle, Susan",Susan Schelle
,Otto Schneid,,,P10497,,"Schneid, Otto",Otto Schneid
,Judith Schwarz,,,P10498,,"Schwarz, Judith",Judith Schwarz
,Hans Schweitzer,,,P10499,,"Schweitzer, Hans",Hans Schweitzer
,John Schweitzer,,,P10500,,"Schweitzer, John",John Schweitzer
,Hans Schweizer,,,P10501,,"Schweizer, Hans",Hans Schweizer
,Gerald Ward Scott,,,P10502,,"Scott, Gerald Ward",Gerald Ward Scott
,John Scott,,,P10503,,"Scott, John",John Scott
,Sarah Scythes,,,P10504,,"Scythes, Sarah",Sarah Scythes
,Volker Seding,,,P10505,,"Seding, Volker",Volker Seding
,Seemeeguk (attributed to),,,P10506,,Seemeeguk (attributed to),Seemeeguk (attributed to)
,Michael Semak,,,P10507,,"Semak, Michael",Michael Semak
,Cathy Senitt-Harbison,,,P10508,,"Senitt-Harbison, Cathy",Cathy Senitt-Harbison
,Aqjangajuk Shaa,,,P10509,,"Shaa, Aqjangajuk",Aqjangajuk Shaa
,Josephee Sharky (attributed to),,,P10510,,"Sharky (attributed to), Josephee",Josephee Sharky (attributed to)
,Sharmi,,,P10511,,Sharmi,Sharmi
,Hong Yin Shen,,,P10512,,"Shen, Hong Yin",Hong Yin Shen
,Cynthia Short,,,P10513,,"Short, Cynthia",Cynthia Short
,Ron Shuebrook,,,P10514,,"Shuebrook, Ron",Ron Shuebrook
,Daniel Simaotik,,,P10515,,"Simaotik, Daniel",Daniel Simaotik
,Simon (attributed to),,,P10516,,Simon (attributed to),Simon (attributed to)
,Simonie,,,P10517,,Simonie,Simonie
,Simonie (attributed to),,,P10518,,Simonie (attributed to),Simonie (attributed to)
,Judy Singer,,,P10519,,"Singer, Judy",Judy Singer
,Gustave Singier,,,P10520,,"Singier, Gustave",Gustave Singier
,John Massey and Becky Singleton,,,P10521,,"Massey, John and Becky Singleton",John Massey and Becky Singleton
,Christine Aaluk Sivanertok,,,P10522,,"Sivanertok, Christine Aaluk",Christine Aaluk Sivanertok
,Charlie Sivuarapik,,,P10523,,"Sivuarapik, Charlie",Charlie Sivuarapik
,Tom Slaughter,,,P10524,,"Slaughter, Tom",Tom Slaughter
,Isa Smiler,,,P10525,,"Smiler, Isa",Isa Smiler
,Andrew Smith,,,P10526,,"Smith, Andrew",Andrew Smith
,Gordon Smith,,,P10527,,"Smith, Gordon",Gordon Smith
,Joseph Smith,,,P10528,,"Smith, Joseph",Joseph Smith
,Teagan Smith,,,P10529,,"Smith, Teagan",Teagan Smith
,Sara Sniderhan,,,P10530,,"Sniderhan, Sara",Sara Sniderhan
,Michael Snowdon,,,P10531,,"Snowdon, Michael",Michael Snowdon
,Soviet,,,P10532,,Soviet,Soviet
,Garth Speight,,,P10533,,"Speight, Garth",Garth Speight
,Ed Steinlen,,,P10534,,"Steinlen, Ed",Ed Steinlen
,Theophile Steinlen,,,P10535,,"Steinlen, Theophile",Theophile Steinlen
,Frank Stella,,,P10536,,"Stella, Frank",Frank Stella
,Richard Stipl,,,P10537,,"Stipl, Richard",Richard Stipl
,Doug Stone,,,P10538,,"Stone, Doug",Doug Stone
,Ionko Stoyanov,,,P10539,,"Stoyanov, Ionko",Ionko Stoyanov
,Ewa Stryjnik,,,P10540,,"Stryjnik, Ewa",Ewa Stryjnik
,Vivian Sturdee,,,P10541,,"Sturdee, Vivian",Vivian Sturdee
,Derek Sullivan,,,P10542,,"Sullivan, Derek",Derek Sullivan
,Philip Sutton,,,P10543,,"Sutton, Philip",Philip Sutton
,Joe Szilva,,,P10544,,"Szilva, Joe",Joe Szilva
,Carl Tacon,,,P10545,,"Tacon, Carl",Carl Tacon
,Joe Taliruniili,,,P10546,,"Taliruniili, Joe",Joe Taliruniili
,Otis Tamasauskas,,,P10547,,"Tamasauskas, Otis",Otis Tamasauskas
,Vincent Tangredi,,,P10548,,"Tangredi, Vincent",Vincent Tangredi
,Lucy Tasseor,,,P10549,,"Tasseor, Lucy",Lucy Tasseor
,Gary Taxali,,,P10550,,"Taxali, Gary",Gary Taxali
,Angotigolu Teevee,,,P10551,,"Teevee, Angotigolu",Angotigolu Teevee
,Jamasie Teevee,,,P10552,,"Teevee, Jamasie",Jamasie Teevee
,Alice Teichert,,,P10553,,"Teichert, Alice",Alice Teichert
,Mashel Teitelbaum,,,P10554,,"Teitelbaum, Mashel",Mashel Teitelbaum
,Eugene Tellez,,,P10555,,"Tellez, Eugene",Eugene Tellez
,Francois Thepot,,,P10556,,"Thepot, Francois",Francois Thepot
,Roger Francois Thepot,,,P10557,,"Thepot, Roger Francois",Roger Francois Thepot
,Robert Therrien,,,P10558,,"Therrien, Robert",Robert Therrien
,Lionel Thomas,,,P10559,,"Thomas, Lionel",Lionel Thomas
,Tamara Toledo,,,P10560,,"Toledo, Tamara",Tamara Toledo
,Paul Bernard Toman,,,P10561,,"Toman, Paul Bernard",Paul Bernard Toman
,Bernadette Iguptark Tongelik,,,P10562,,"Tongelik, Bernadette Iguptark",Bernadette Iguptark Tongelik
,Lucassie Tookalak,,,P10563,,"Tookalak, Lucassie",Lucassie Tookalak
,Toonoo (attributed to),,,P10564,,Toonoo (attributed to),Toonoo (attributed to)
,Henri Toulouse-Lautrec,,,P10565,,"Toulouse-Lautrec, Henri",Henri Toulouse-Lautrec
,Denis Tourbin,,,P10566,,"Tourbin, Denis",Denis Tourbin
,Claude Tousignant,,,P10567,,"Tousignant, Claude",Claude Tousignant
,Larry Towell,,,P10568,,"Towell, Larry",Larry Towell
,Harold Town,,,P10569,,"Town, Harold",Harold Town
,Isah Ajagutaina Tukala,,,P10570,,"Tukala, Isah Ajagutaina",Isah Ajagutaina Tukala
,Noah Tuki,,,P10571,,"Tuki, Noah",Noah Tuki
,Sima Tuki,,,P10572,,"Tuki, Sima",Sima Tuki
,Aisa Tuluga,,,P10573,,"Tuluga, Aisa",Aisa Tuluga
,Kartz Ucci,,,P10574,,"Ucci, Kartz",Kartz Ucci
,Ulayo,,,P10575,,Ulayo,Ulayo
,Unknown,,,P10576,,Unknown,Unknown
,Unknown - Huon Peninsula,,,P10577,,Unknown - Huon Peninsula,Unknown - Huon Peninsula
,Unknown (?),,,P10578,,Unknown (?),Unknown (?)
,"Unknown (Abelam People, Lower Sepik, Papua New Guinea)",,,P10579,,"Unknown (Abelam People, Lower Sepik, Papua New Guinea)","Unknown (Abelam People, Lower Sepik, Papua New Guinea)"
,Unknown (African?),,,P10580,,Unknown (African?),Unknown (African?)
,Unknown (African),,,P10581,,Unknown (African),Unknown (African)
,"Unknown (Attributed Thule, West Alaska)",,,P10582,,"Unknown (Attributed Thule, West Alaska)","Unknown (Attributed Thule, West Alaska)"
,Unknown (Australian),,,P10583,,Unknown (Australian),Unknown (Australian)
,"Unknown (Bambara, West Africa)",,,P10584,,"Unknown (Bambara, West Africa)","Unknown (Bambara, West Africa)"
,"Unknown (Bamileke People, Rep. of Cameroon)",,,P10585,,"Unknown (Bamileke People, Rep. of Cameroon)","Unknown (Bamileke People, Rep. of Cameroon)"
,"Unknown (Biwat People, Lower Sepik, Papua New Guinea)",,,P10586,,"Unknown (Biwat People, Lower Sepik, Papua New Guinea)","Unknown (Biwat People, Lower Sepik, Papua New Guinea)"
,"Unknown (Central Sepik, Papua New Guinea)",,,P10587,,"Unknown (Central Sepik, Papua New Guinea)","Unknown (Central Sepik, Papua New Guinea)"
,"Unknown (Coastal Sepik, Papual New Guinea)",,,P10588,,"Unknown (Coastal Sepik, Papual New Guinea)","Unknown (Coastal Sepik, Papual New Guinea)"
,"Unknown (Coastal Sepik, Ramu River, Papua New Guinea)",,,P10589,,"Unknown (Coastal Sepik, Ramu River, Papua New Guinea)","Unknown (Coastal Sepik, Ramu River, Papua New Guinea)"
,Unknown (Egyptian),,,P10590,,Unknown (Egyptian),Unknown (Egyptian)
,"Unknown (Elema People, Papuan Gulf, Papua New Guinea)",,,P10591,,"Unknown (Elema People, Papuan Gulf, Papua New Guinea)","Unknown (Elema People, Papuan Gulf, Papua New Guinea)"
,"Unknown (Huon Peninsula, Papua New Guinea)",,,P10592,,"Unknown (Huon Peninsula, Papua New Guinea)","Unknown (Huon Peninsula, Papua New Guinea)"
,"Unknown (Iatmul People, Middle Sepik, Papua New Guinea)",,,P10593,,"Unknown (Iatmul People, Middle Sepik, Papua New Guinea)","Unknown (Iatmul People, Middle Sepik, Papua New Guinea)"
,"Unknown (Iatmul People, Papua New Guinea)",,,P10594,,"Unknown (Iatmul People, Papua New Guinea)","Unknown (Iatmul People, Papua New Guinea)"
,"Unknown (Inuit, Mittimatalik, Baffin Island)",,,P10595,,"Unknown (Inuit, Mittimatalik, Baffin Island)","Unknown (Inuit, Mittimatalik, Baffin Island)"
,Unknown (Inuit),,,P10596,,Unknown (Inuit),Unknown (Inuit)
,"Unknown (Kiwai People, Papuan Gulf, Papua New Guinea)",,,P10597,,"Unknown (Kiwai People, Papuan Gulf, Papua New Guinea)","Unknown (Kiwai People, Papuan Gulf, Papua New Guinea)"
,Unknown (Kwakiutl),,,P10598,,Unknown (Kwakiutl),Unknown (Kwakiutl)
,"Unknown (Lower Sepik, Papua New Guinea)",,,P10599,,"Unknown (Lower Sepik, Papua New Guinea)","Unknown (Lower Sepik, Papua New Guinea)"
,"Unknown (Manam People, Sepik River, Papua New Guinea)",,,P10600,,"Unknown (Manam People, Sepik River, Papua New Guinea)","Unknown (Manam People, Sepik River, Papua New Guinea)"
,"Unknown (Marakula, Australian)",,,P10601,,"Unknown (Marakula, Australian)","Unknown (Marakula, Australian)"
,Unknown (Mexican),,,P10602,,Unknown (Mexican),Unknown (Mexican)
,"Unknown (Middle Sepik, Papua New Guinea)",,,P10603,,"Unknown (Middle Sepik, Papua New Guinea)","Unknown (Middle Sepik, Papua New Guinea)"
,"Unknown (misattributed to Dorset, West Alaska)",,,P10604,,"Unknown (misattributed to Dorset, West Alaska)","Unknown (misattributed to Dorset, West Alaska)"
,"Unknown (Murik Lagoon People, Coastal, Papua New Guinea)",,,P10605,,"Unknown (Murik Lagoon People, Coastal, Papua New Guinea)","Unknown (Murik Lagoon People, Coastal, Papua New Guinea)"
,"Unknown (New Britain, Papua New Guinea)",,,P10606,,"Unknown (New Britain, Papua New Guinea)","Unknown (New Britain, Papua New Guinea)"
,"Unknown (North Maprik, Papua New Guinea)",,,P10607,,"Unknown (North Maprik, Papua New Guinea)","Unknown (North Maprik, Papua New Guinea)"
,Unknown (Papua New Guinea),,,P10608,,Unknown (Papua New Guinea),Unknown (Papua New Guinea)
,"Unknown (Papuan Gulf, Papua New Guinea)",,,P10609,,"Unknown (Papuan Gulf, Papua New Guinea)","Unknown (Papuan Gulf, Papua New Guinea)"
,"Unknown (Presumed Inuit, West Alaska)",,,P10610,,"Unknown (Presumed Inuit, West Alaska)","Unknown (Presumed Inuit, West Alaska)"
,Unknown (Presumed Inuit),,,P10611,,Unknown (Presumed Inuit),Unknown (Presumed Inuit)
,Unknown (Presumed Pacific Northwest Coast),,,P10612,,Unknown (Presumed Pacific Northwest Coast),Unknown (Presumed Pacific Northwest Coast)
,"Unknown (Senufo, Ivory Coast, West Africa)",,,P10613,,"Unknown (Senufo, Ivory Coast, West Africa)","Unknown (Senufo, Ivory Coast, West Africa)"
,"Unknown (Senufo, Nigeria, West Africa)",,,P10614,,"Unknown (Senufo, Nigeria, West Africa)","Unknown (Senufo, Nigeria, West Africa)"
,"Unknown (Sepik River, Papua New Guinea)",,,P10615,,"Unknown (Sepik River, Papua New Guinea)","Unknown (Sepik River, Papua New Guinea)"
,Unknown (Siberia),,,P10616,,Unknown (Siberia),Unknown (Siberia)
,"Unknown (Thule, West Alaska)",,,P10617,,"Unknown (Thule, West Alaska)","Unknown (Thule, West Alaska)"
,"Unknown (Washkuk People, Upper Sepik, Papua New Guinea)",,,P10618,,"Unknown (Washkuk People, Upper Sepik, Papua New Guinea)","Unknown (Washkuk People, Upper Sepik, Papua New Guinea)"
,Unknown (West Alaska),,,P10619,,Unknown (West Alaska),Unknown (West Alaska)
,"Unknown (Wogumasch People, Upper Sepik, Papua New Guinea)",,,P10620,,"Unknown (Wogumasch People, Upper Sepik, Papua New Guinea)","Unknown (Wogumasch People, Upper Sepik, Papua New Guinea)"
,Unknown African,,,P10621,,Unknown African,Unknown African
,Juanisi Aqpalira Uqitattu,,,P10622,,"Uqitattu, Juanisi Aqpalira",Juanisi Aqpalira Uqitattu
,David Urban,,,P10623,,"Urban, David",David Urban
,Lisa Urbanic,,,P10624,,"Urbanic, Lisa",Lisa Urbanic
,Tony Urquhart,,,P10625,,"Urquhart, Tony",Tony Urquhart
,Armand Vaillancourt,,,P10626,,"Vaillancourt, Armand",Armand Vaillancourt
,Thelma Van Alstyne,,,P10627,,"Van Alstyne, Thelma",Thelma Van Alstyne
,Helen Van Houten,,,P10628,,"Van Houten, Helen",Helen Van Houten
,Various artists,,,P10629,,Various artists,Various artists
,Victor Vasarely,,,P10630,,"Vasarely, Victor",Victor Vasarely
,William Vazan,,,P10631,,"Vazan, William",William Vazan
,Brandon Vickerd,,,P10632,,"Vickerd, Brandon",Brandon Vickerd
,Marie-Elena Vieira Da Silva,,,P10633,,"Vieira Da Silva, Marie-Elena",Marie-Elena Vieira Da Silva
,Roger Vilder,,,P10634,,"Vilder, Roger",Roger Vilder
,Sara Vipond,,,P10635,,"Vipond, Sara",Sara Vipond
,Nicholas Wade,,,P10636,,"Wade, Nicholas",Nicholas Wade
,Lorne Wagman,,,P10637,,"Wagman, Lorne",Lorne Wagman
,Joy Walker,,,P10638,,"Walker, Joy",Joy Walker
,Andy Warhol,,,P10639,,"Warhol, Andy",Andy Warhol
,Scott Waters,,,P10640,,"Waters, Scott",Scott Waters
,Eli Weetaluktuk,,,P10641,,"Weetaluktuk, Eli",Eli Weetaluktuk
,Simeonie Weetaluktuk,,,P10642,,"Weetaluktuk, Simeonie",Simeonie Weetaluktuk
,Gu Wenda,,,P10643,,"Wenda, Gu",Gu Wenda
,Elwaht Wesley,,,P10644,,"Wesley, Elwaht",Elwaht Wesley
,John Wesley,,,P10645,,"Wesley, John",John Wesley
,Tom Wesselman,,,P10646,,"Wesselman, Tom",Tom Wesselman
,Lyn Westfall,,,P10647,,"Westfall, Lyn",Lyn Westfall
,Tim Whiten,,,P10648,,"Whiten, Tim",Tim Whiten
,Joyce Wieland,,,P10649,,"Wieland, Joyce",Joyce Wieland
,John Will,,,P10650,,"Will, John",John Will
,Christopher Williams,,,P10651,,"Williams, Christopher",Christopher Williams
,Elizabeth Willmott,,,P10652,,"Willmott, Elizabeth",Elizabeth Willmott
,York Wilson,,,P10653,,"Wilson, York",York Wilson
,Roger Wood,,,P10654,,"Wood, Roger",Roger Wood
,Fritz Wotruba,,,P10655,,"Wotruba, Fritz",Fritz Wotruba
,Walter Yarwood,,,P10656,,"Yarwood, Walter",Walter Yarwood
,Hokada Yoshida,,,P10657,,"Yoshida, Hokada",Hokada Yoshida
,Peter Young,,,P10658,,"Young, Peter",Peter Young
,Yvaral (Jean-Pierre Vasarely),,,P10659,,Yvaral (Jean-Pierre Vasarely),Yvaral (Jean-Pierre Vasarely)
,Carla Zaccagnini,,,P10660,,"Zaccagnini, Carla",Carla Zaccagnini
,Wou-Ki Zao,,,P10661,,"Zao, Wou-Ki",Wou-Ki Zao
,Barbara Zeigler-Sunger,,,P10662,,"Zeigler-Sunger, Barbara",Barbara Zeigler-Sunger
,Ed Zelenak,,,P10663,,"Zelenak, Ed",Ed Zelenak
,Liu Zhongdong,,,P10664,,"Zhongdong, Liu",Liu Zhongdong
,"Grace, Ann",,,P10665,,Ann Grace,"Grace, Ann"
,"Garnet, Carla",,,P10666,,Carla Garnet,"Garnet, Carla"
,"Minard, Kathryn",,,P10667,,Kathryn Minard,"Minard, Kathryn"
,"Mason, Kerry",,,P10668,,Kerry Mason,"Mason, Kerry"
,"Book, Linda",,,P10669,,Linda Book,"Book, Linda"
,"Katzman, Marianne",,,P10670,,Marianne Katzman,"Katzman, Marianne"
,"Monk, Philip",,,P10671,,Philip Monk,"Monk, Philip"
,"Bulger, Stephen",,,P10672,,Stephen Bulger,"Bulger, Stephen"
,Aaron M. Milrad,,,P10673,,"Milrad, Aaron M.",Aaron M. Milrad
,Alan Barkley & Linda Holoway,,,P10677,,"Barkley, Alan and Linda Holoway",Alan Barkley & Linda Holoway
,American Fed. of the Arts,,,P10678,,American Fed. of the Arts,American Fed. of the Arts
,Arthur Fortesque Mckay,,,P10679,,"Mckay, Arthur Fortesque",Arthur Fortesque Mckay
,Atkinson Foundation,,,P10680,,Atkinson Foundation,Atkinson Foundation
,Avie Bennett,,,P10682,,"Bennett, Avie",Avie Bennett
,Barbara Warrall,,,P10683,,"Warrall, Barbara",Barbara Warrall
,Barry Callaghan,,,P10684,,"Callaghan, Barry",Barry Callaghan
,Barry Campbell,,,P10685,,"Campbell, Barry",Barry Campbell
,Ben Greenberg,,,P10686,,"Greenberg, Ben",Ben Greenberg
,Beverly Shipton,,,P10687,,"Shipton, Beverly",Beverly Shipton
,C. Thomas,,,P10688,,"Thomas, C.",C. Thomas
,C.H. Kowallek,,,P10689,,"Kowallek, C.H.",C.H. Kowallek
,Cecelia Quarrington,,,P10690,,"Quarrington, Cecelia",Cecelia Quarrington
,David M. Campbell,,,P10691,,"Campbell, David M.",David M. Campbell
,David Wurfel,,,P10692,,"Wurfel, David",David Wurfel
,Estate of Peter MacKendrick (c/o Debra Slack),,,P10693,,"MacKendrick, Peter (Estate of, c/o Debra Slack)",Estate of Peter MacKendrick (c/o Debra Slack)
,Dr. Bruce Ward,,,P10694,,"Ward, Dr. Bruce",Dr. Bruce Ward
,Dr. C.M. Gilbert,,,P10695,,"Gilbert, Dr. C.M.",Dr. C.M. Gilbert
,Dr. David Dickson,,,P10696,,"Dickson, Dr. David",Dr. David Dickson
,Dr. Frank Marchese,,,P10697,,"Marchese, Dr. Frank",Dr. Frank Marchese
,Dr. George Wortsman,,,P10698,,"Wortsman, Dr. George",Dr. George Wortsman
,Dr. Gerald Halbert,,,P10699,,"Halbert, Dr. Gerald",Dr. Gerald Halbert
,Dr. Marvin Paul,,,P10700,,"Paul, Dr. Marvin",Dr. Marvin Paul
,Dr. Michael Pflug,,,P10701,,"Pflug, Dr. Michael",Dr. Michael Pflug
,Dr. Murray Ross,,,P10703,,"Ross, Dr. Murray",Dr. Murray Ross
,Dr. Roberta Osak,,,P10704,,"Osak, Dr. Roberta",Dr. Roberta Osak
,E.R. Wood,,,P10705,,"Wood, E.R.",E.R. Wood
,Edward and Marla Schwartz,,,P10706,,"Schwartz, Edward and Marla",Edward and Marla Schwartz
,Edward Harvey,,,P10707,,"Harvey, Edward",Edward Harvey
,Eileen Lam,,,P10708,,"Lam, Eileen",Eileen Lam
,Estate of Austin Cooper,,,P10709,,"Cooper, Austin (Estate of)",Estate of Austin Cooper
,Estate of Barbara Turnbull,,,P10710,,"Turnbull, Barbara (Estate of)",Estate of Barbara Turnbull
,Faculty of Fine Arts,,,P10711,,Faculty of Fine Arts,Faculty of Fine Arts
,Faculty of Osgoode Law School,,,P10712,,Faculty of Osgoode Law School,Faculty of Osgoode Law School
,Goldhar Family,,,P10713,,Goldhar Family,Goldhar Family
,Guy Metraux,,,P10714,,"Metraux, Guy",Guy Metraux
,H. Arthurs,,,P10715,,"Arthurs, H.",H. Arthurs
,INCO (CP AIR),,,P10716,,INCO (CP AIR),INCO (CP AIR)
,Jesmin and Hamid Khan,,,P10717,,"Khan, Jesmin and Hamid",Jesmin and Hamid Khan
,John Morris,,,P10718,,"Morris, John",John Morris
,Judith and Marshall Cohen,,,P10719,,"Cohen, Judith and Marshall",Judith and Marshall Cohen
,Judy Steed,,,P10720,,"Steed, Judy",Judy Steed
,Katherine Knight and David Craig,,,P10721,,"Knight, Katherine and David Craig",Katherine Knight and David Craig
,Kathleen Richards,,,P10722,,"Richards, Kathleen",Kathleen Richards
,Laura Sabia,,,P10723,,"Sabia, Laura",Laura Sabia
,Lithography Workshop,,,P10724,,Lithography Workshop,Lithography Workshop
,Mark Schaefer,,,P10725,,"Schaefer, Mark",Mark Schaefer
,Martin and Joan Goldfarb,,,P10726,,"Goldfarb, Martin and Joan",Martin and Joan Goldfarb
,Marvin Geist,,,P10727,,"Geist, Marvin",Marvin Geist
,Mary Williamson,,,P10728,,"Williamson, Mary",Mary Williamson
,Michael M. Koerner,,,P10729,,"Koerner, Michael M.",Michael M. Koerner
,Michael Sax,,,P10730,,"Sax, Michael",Michael Sax
,Michael Shulman,,,P10731,,"Shulman, Michael",Michael Shulman
,Miriam Schneid-Ofseyer,,,P10732,,"Schneid-Ofseyer, Miriam",Miriam Schneid-Ofseyer
,Mr. and Mrs. Edward Schwartz,,,P10733,,"Schwartz, Mr. and Mrs. Edward",Mr. and Mrs. Edward Schwartz
,Mr. and Mrs. Howard Tanenbaum,,,P10734,,"Tanenbaum, Mr. and Mrs. Howard",Mr. and Mrs. Howard Tanenbaum
,Mr. and Mrs. Percy Waxer,,,P10735,,"Waxer, Mr. and Mrs. Percy",Mr. and Mrs. Percy Waxer
,Mr. Ben Lustig,,,P10736,,"Lustig, Mr. Ben",Mr. Ben Lustig
,Mr. Bill Alcamo,,,P10737,,"Alcamo, Mr. Bill",Mr. Bill Alcamo
,Mr. Henry E. Liss,,,P10738,,"Liss, Mr. Henry E.",Mr. Henry E. Liss
,Mr. Herb Basian,,,P10739,,"Basian, Mr. Herb",Mr. Herb Basian
,Mr. Hubert B. Sceats,,,P10740,,"Sceats, Mr. Hubert B.",Mr. Hubert B. Sceats
,Mr. Leon Liffmann,,,P10741,,"Liffmann, Mr. Leon",Mr. Leon Liffmann
,Louis L. Odette,,,P10742,,"Odette, Louis L.",Louis L. Odette
,Mr. Marshall Cohen,,,P10743,,"Cohen, Mr. Marshall",Mr. Marshall Cohen
,Mr. Michael Budd,,,P10744,,"Budd, Mr. Michael",Mr. Michael Budd
,Mr. Peter Bedrich,,,P10745,,"Bedrich, Mr. Peter",Mr. Peter Bedrich
,Mr. Peter Daniels,,,P10746,,"Daniels, Mr. Peter",Mr. Peter Daniels
,Mr. Peter Valjas,,,P10747,,"Valjas, Mr. Peter",Mr. Peter Valjas
,Mr. Ray Renaud,,,P10749,,"Renaud, Mr. Ray",Mr. Ray Renaud
,Mr. Robert Bell,,,P10750,,"Bell, Mr. Robert",Mr. Robert Bell
,Mr. William Daniels,,,P10751,,"Daniels, Mr. William",Mr. William Daniels
,Mrs. Burtha Liss,,,P10752,,"Liss, Mrs. Burtha",Mrs. Burtha Liss
,Mrs. Marla Schwartz,,,P10753,,"Schwartz, Mrs. Marla",Mrs. Marla Schwartz
,Mrs. R.B. Hungerford,,,P10754,,"Hungerford, Mrs. R.B.",Mrs. R.B. Hungerford
,Mrs. Sandra Jackson,,,P10755,,"Jackson, Mrs. Sandra",Mrs. Sandra Jackson
,Mrs. Vivian Campbell,,,P10756,,"Campbell, Mrs. Vivian",Mrs. Vivian Campbell
,Ms Sandra Jackson,,,P10757,,"Jackson, Ms Sandra",Ms Sandra Jackson
,Ms. Harriet Dennis,,,P10758,,"Dennis, Ms. Harriet",Ms. Harriet Dennis
,Ms. Jill Lustig,,,P10759,,"Lustig, Ms. Jill",Ms. Jill Lustig
,Ontario Arts Council,,,P10761,,Ontario Arts Council,Ontario Arts Council
,Ontario Heritage Foundation,,,P10762,,Ontario Heritage Foundation,Ontario Heritage Foundation
,Owen B. Shime,,,P10763,,"Shime, Owen B.",Owen B. Shime
,Patricia Tomlinson,,,P10764,,"Tomlinson, Patricia",Patricia Tomlinson
,Prof. Chester Sadowski,,,P10765,,"Sadowski, Prof. Chester",Prof. Chester Sadowski
,Prof. Zdenka Volavka,,,P10766,,"Volavka, Prof. Zdenka",Prof. Zdenka Volavka
,Richard Storr,,,P10767,,"Storr, Richard",Richard Storr
,Shelagh Wilkinson,,,P10768,,"Wilkinson, Shelagh",Shelagh Wilkinson
,City of Montreal,,,P10769,,"Montreal, City of",City of Montreal
,Estate of Diane Simard Broadfoot,,,P10770,,"Broadfoot, Diane Simard (Estate of)",Estate of Diane Simard Broadfoot
,Frances Barwick Estate,,,P10772,,"Barwick, Frances (Estate of)",Frances Barwick Estate
,The Josef Albers Foundation,,,P10773,,"Josef Albers Foundation, The",The Josef Albers Foundation
,The Thomas Howarth Collection,,,P10774,,"Thomas Howarth Collection, The",The Thomas Howarth Collection
,Walter Carsen,,,P10776,,"Carsen, Walter",Walter Carsen
,Winberg Foundation,,,P10778,,Winberg Foundation,Winberg Foundation
,York Faculty of Fine Arts,,,P10779,,York Faculty of Fine Arts,York Faculty of Fine Arts
,York Wilson Foundation for the Visual Arts,,,P10780,,York Wilson Foundation for the Visual Arts,York Wilson Foundation for the Visual Arts
contact info,Display name,documents serial,long bio,personality serial,short bio,Sorting name,Display name